{"assets/audio/sw_crawl_1977.mp3":["assets/audio/sw_crawl_1977.mp3"],"assets/fonts/Starjhol.ttf":["assets/fonts/Starjhol.ttf"],"assets/icon/app_icon.ico":["assets/icon/app_icon.ico"],"assets/icon/app_icon.png":["assets/icon/app_icon.png"],"assets/icon/app_icon_48.ico":["assets/icon/app_icon_48.ico"],"assets/images/app_header.png":["assets/images/app_header.png"],"assets/images/dialog_header.png":["assets/images/dialog_header.png"],"assets/images/dots.png":["assets/images/dots.png"],"assets/images/splash_box.png":["assets/images/splash_box.png"],"assets/images/splash_gradient.png":["assets/images/splash_gradient.png"],"assets/images/sw_logo_back.png":["assets/images/sw_logo_back.png"],"assets/images/sw_logo_front.png":["assets/images/sw_logo_front.png"],"assets/images/sw_progress.png":["assets/images/sw_progress.png"],"assets/translations/en.json":["assets/translations/en.json"],"assets/translations/ru.json":["assets/translations/ru.json"],"packages/cupertino_icons/assets/CupertinoIcons.ttf":["packages/cupertino_icons/assets/CupertinoIcons.ttf"],"packages/ui_kit/assets/fonts/RobotoFlex.ttf":["packages/ui_kit/assets/fonts/RobotoFlex.ttf"],"packages/unicons/icons/UniconsLine.ttf":["packages/unicons/icons/UniconsLine.ttf"],"packages/unicons/icons/UniconsSolid.ttf":["packages/unicons/icons/UniconsSolid.ttf"],"packages/unicons/icons/UniconsThinline.ttf":["packages/unicons/icons/UniconsThinline.ttf"],"packages/window_manager/images/ic_chrome_close.png":["packages/window_manager/images/ic_chrome_close.png"],"packages/window_manager/images/ic_chrome_maximize.png":["packages/window_manager/images/ic_chrome_maximize.png"],"packages/window_manager/images/ic_chrome_minimize.png":["packages/window_manager/images/ic_chrome_minimize.png"],"packages/window_manager/images/ic_chrome_unmaximize.png":["packages/window_manager/images/ic_chrome_unmaximize.png"]}