[{"family":"MaterialIcons","fonts":[{"asset":"fonts/MaterialIcons-Regular.otf"}]},{"family":"SW","fonts":[{"asset":"assets/fonts/Starjhol.ttf"}]},{"family":"packages/cupertino_icons/CupertinoIcons","fonts":[{"asset":"packages/cupertino_icons/assets/CupertinoIcons.ttf"}]},{"family":"packages/unicons/UniconsLine","fonts":[{"asset":"packages/unicons/icons/UniconsLine.ttf"}]},{"family":"packages/unicons/UniconsSolid","fonts":[{"asset":"packages/unicons/icons/UniconsSolid.ttf"}]},{"family":"packages/unicons/UniconsThinline","fonts":[{"asset":"packages/unicons/icons/UniconsThinline.ttf"}]},{"family":"packages/ui_kit/RobotoFlex","fonts":[{"asset":"packages/ui_kit/assets/fonts/RobotoFlex.ttf"}]}]